2024-08-13 22:49:13,,10RoundRobin
2024-08-13 22:49:13,,10RoundRobin
2024-08-13 22:49:13,,10RoundRobin
2024-08-13 22:49:13,,10RoundRobin
2024-08-13 22:49:13,,10RoundRobin
2024-08-13 22:49:13,,10RoundRobin
2024-08-13 22:49:13,,10RoundRobin
2024-08-13 22:49:13,,10RoundRobin
2024-08-13 22:49:13,,10RoundRobin
2024-08-13 22:49:13,,10RoundRobin
2024-08-13 22:49:18,,10RoundRobin
2024-08-13 22:49:18,,10RoundRobin
2024-08-13 22:49:18,,10RoundRobin
2024-08-13 22:49:18,,10RoundRobin
2024-08-13 22:49:18,,10RoundRobin
2024-08-13 22:49:18,,10RoundRobin
2024-08-13 22:49:18,,10RoundRobin
2024-08-13 22:49:18,,10RoundRobin
2024-08-13 22:49:18,,10RoundRobin
2024-08-13 22:49:18,,10RoundRobin
2024-08-13 22:49:18,,10RoundRobin
2024-08-13 22:49:18,,10RoundRobin
2024-08-13 22:49:18,,10RoundRobin
2024-08-13 22:49:18,,10RoundRobin
2024-08-13 22:49:18,,10RoundRobin
2024-08-13 22:49:18,,10RoundRobin
2024-08-13 22:49:18,,10RoundRobin
2024-08-13 22:49:18,,10RoundRobin
2024-08-13 22:49:18,,10RoundRobin
2024-08-13 22:49:18,,10RoundRobin
2024-08-13 22:49:18,,10RoundRobin
2024-08-13 22:49:18,,10RoundRobin
2024-08-13 22:49:18,,10RoundRobin
2024-08-13 22:49:18,,10RoundRobin
2024-08-13 22:49:18,,10RoundRobin
2024-08-13 22:49:18,,10RoundRobin
2024-08-13 22:49:18,,10RoundRobin
2024-08-13 22:49:18,,10RoundRobin
2024-08-13 22:49:18,,10RoundRobin
2024-08-13 22:49:18,,10RoundRobin
2024-08-13 22:49:18,,10RoundRobin
2024-08-13 22:49:18,,10RoundRobin
2024-08-13 22:49:18,,10RoundRobin
2024-08-13 22:49:18,,10RoundRobin
2024-08-13 22:49:18,,10RoundRobin
2024-08-13 22:49:18,,10RoundRobin
2024-08-13 22:49:18,,10RoundRobin
2024-08-13 22:49:18,,10RoundRobin
2024-08-13 22:49:18,,10RoundRobin
2024-08-13 22:49:18,,10RoundRobin
2024-08-13 22:49:18,,10RoundRobin
2024-08-13 22:49:18,,10RoundRobin
2024-08-13 22:49:18,,10RoundRobin
2024-08-13 22:49:18,,10RoundRobin
2024-08-13 22:49:18,,10RoundRobin
2024-08-13 22:49:18,,10RoundRobin
2024-08-13 22:49:18,,10RoundRobin
2024-08-13 22:49:18,,10RoundRobin
2024-08-13 22:49:18,,10RoundRobin
2024-08-13 22:49:18,,10RoundRobin
2024-08-13 22:49:18,,10RoundRobin
2024-08-13 22:49:18,,10RoundRobin
2024-08-13 22:49:18,,10RoundRobin
2024-08-13 22:49:18,,10RoundRobin
2024-08-13 22:49:18,,10RoundRobin
2024-08-13 22:49:18,,10RoundRobin
2024-08-13 22:49:18,,10RoundRobin
2024-08-13 22:49:18,,10RoundRobin
2024-08-13 22:49:18,,10RoundRobin
2024-08-13 22:49:18,,10RoundRobin
2024-08-13 22:49:18,,10RoundRobin
2024-08-13 22:49:18,,10RoundRobin
2024-08-13 22:49:18,,10RoundRobin
2024-08-13 22:49:18,,10RoundRobin
2024-08-13 22:49:18,,10RoundRobin
2024-08-13 22:49:19,,10RoundRobin
2024-08-13 22:49:19,,10RoundRobin
2024-08-13 22:49:19,,10RoundRobin
2024-08-13 22:49:19,,10RoundRobin
2024-08-13 22:49:19,,10RoundRobin
2024-08-13 22:49:19,,10RoundRobin
2024-08-13 22:49:19,,10RoundRobin
2024-08-13 22:49:19,,10RoundRobin
2024-08-13 22:49:19,,10RoundRobin
2024-08-13 22:49:19,,10RoundRobin
2024-08-13 22:49:19,,10RoundRobin
2024-08-13 22:49:19,,10RoundRobin
2024-08-13 22:49:19,,10RoundRobin
2024-08-13 22:49:19,,10RoundRobin
2024-08-13 22:49:19,,10RoundRobin
2024-08-13 22:49:19,,18WeightedRoundRobin
2024-08-13 22:49:19,,10RoundRobin
2024-08-13 22:49:19,,10RoundRobin
2024-08-13 22:49:19,,10RoundRobin
2024-08-13 22:49:19,,10RoundRobin
2024-08-13 22:49:19,,10RoundRobin
2024-08-13 22:49:19,,10RoundRobin
2024-08-13 22:49:19,,10RoundRobin
2024-08-13 22:49:19,,18WeightedRoundRobin
2024-08-13 22:49:19,,18WeightedRoundRobin
2024-08-13 22:49:19,,18WeightedRoundRobin
2024-08-13 22:49:19,,18WeightedRoundRobin
2024-08-13 22:49:19,,10RoundRobin
2024-08-13 22:49:19,,18WeightedRoundRobin
2024-08-13 22:49:19,,10RoundRobin
2024-08-13 22:49:19,,10RoundRobin
2024-08-13 22:49:19,,18WeightedRoundRobin
2024-08-13 22:49:19,,18WeightedRoundRobin
2024-08-13 22:49:19,,18WeightedRoundRobin
2024-08-13 22:49:19,,18WeightedRoundRobin
2024-08-13 22:49:19,,18WeightedRoundRobin
2024-08-13 22:49:19,,18WeightedRoundRobin
2024-08-13 22:49:19,,18WeightedRoundRobin
2024-08-13 22:49:19,,18WeightedRoundRobin
2024-08-13 22:49:19,,18WeightedRoundRobin
2024-08-13 22:49:19,,10RoundRobin
2024-08-13 22:49:19,,18WeightedRoundRobin
2024-08-13 22:49:19,,18WeightedRoundRobin
2024-08-13 22:49:19,,18WeightedRoundRobin
2024-08-13 22:49:19,,18WeightedRoundRobin
2024-08-13 22:49:19,,18WeightedRoundRobin
2024-08-13 22:49:19,,18WeightedRoundRobin
2024-08-13 22:49:19,,18WeightedRoundRobin
2024-08-13 22:49:19,,18WeightedRoundRobin
2024-08-13 22:49:19,,18WeightedRoundRobin
2024-08-13 22:49:19,,18WeightedRoundRobin
2024-08-13 22:49:19,,18WeightedRoundRobin
2024-08-13 22:49:19,,18WeightedRoundRobin
2024-08-13 22:49:19,,18WeightedRoundRobin
2024-08-13 22:49:19,,18WeightedRoundRobin
2024-08-13 22:49:19,,18WeightedRoundRobin
2024-08-13 22:49:19,,18WeightedRoundRobin
2024-08-13 22:49:19,,18WeightedRoundRobin
2024-08-13 22:49:19,,18WeightedRoundRobin
2024-08-13 22:49:19,,18WeightedRoundRobin
2024-08-13 22:49:19,,18WeightedRoundRobin
2024-08-13 22:49:19,,18WeightedRoundRobin
2024-08-13 22:49:19,,18WeightedRoundRobin
2024-08-13 22:49:19,,18WeightedRoundRobin
2024-08-13 22:49:19,,18WeightedRoundRobin
2024-08-13 22:49:19,,18WeightedRoundRobin
2024-08-13 22:49:19,,18WeightedRoundRobin
2024-08-13 22:49:19,,18WeightedRoundRobin
2024-08-13 22:49:19,,18WeightedRoundRobin
2024-08-13 22:49:19,,18WeightedRoundRobin
2024-08-13 22:49:19,,18WeightedRoundRobin
2024-08-13 22:49:19,,18WeightedRoundRobin
2024-08-13 22:49:19,,18WeightedRoundRobin
2024-08-13 22:49:19,,18WeightedRoundRobin
2024-08-13 22:49:19,,18WeightedRoundRobin
2024-08-13 22:49:19,,18WeightedRoundRobin
2024-08-13 22:49:19,,18WeightedRoundRobin
2024-08-13 22:49:19,,18WeightedRoundRobin
2024-08-13 22:49:19,,18WeightedRoundRobin
2024-08-13 22:49:19,,18WeightedRoundRobin
2024-08-13 22:49:19,,18WeightedRoundRobin
2024-08-13 22:49:19,,18WeightedRoundRobin
2024-08-13 22:49:19,,18WeightedRoundRobin
2024-08-13 22:49:19,,18WeightedRoundRobin
2024-08-13 22:49:19,,18WeightedRoundRobin
2024-08-13 22:49:19,,18WeightedRoundRobin
2024-08-13 22:49:19,,18WeightedRoundRobin
2024-08-13 22:49:19,,18WeightedRoundRobin
2024-08-13 22:49:19,,18WeightedRoundRobin
2024-08-13 22:49:19,,18WeightedRoundRobin
2024-08-13 22:49:19,,18WeightedRoundRobin
2024-08-13 22:49:19,,18WeightedRoundRobin
2024-08-13 22:49:19,,18WeightedRoundRobin
2024-08-13 22:49:19,,18WeightedRoundRobin
2024-08-13 22:49:19,,18WeightedRoundRobin
2024-08-13 22:49:19,,18WeightedRoundRobin
2024-08-13 22:49:19,,18WeightedRoundRobin
2024-08-13 22:49:19,,18WeightedRoundRobin
2024-08-13 22:49:19,,18WeightedRoundRobin
2024-08-13 22:49:19,,18WeightedRoundRobin
2024-08-13 22:49:19,,18WeightedRoundRobin
2024-08-13 22:49:19,,18WeightedRoundRobin
2024-08-13 22:49:19,,18WeightedRoundRobin
2024-08-13 22:49:19,,18WeightedRoundRobin
2024-08-13 22:49:19,,18WeightedRoundRobin
2024-08-13 22:49:19,,18WeightedRoundRobin
2024-08-13 22:49:19,,18WeightedRoundRobin
2024-08-13 22:49:19,,18WeightedRoundRobin
2024-08-13 22:49:19,,18WeightedRoundRobin
2024-08-13 22:49:19,,18WeightedRoundRobin
2024-08-13 22:49:19,,18WeightedRoundRobin
2024-08-13 22:49:19,,18WeightedRoundRobin
2024-08-13 22:49:19,,18WeightedRoundRobin
2024-08-13 22:49:19,,18WeightedRoundRobin
2024-08-13 22:49:19,,18WeightedRoundRobin
2024-08-13 22:49:19,,18WeightedRoundRobin
2024-08-13 22:49:19,,18WeightedRoundRobin
2024-08-13 22:49:19,,18WeightedRoundRobin
2024-08-13 22:49:19,,18WeightedRoundRobin
2024-08-13 22:49:19,,18WeightedRoundRobin
2024-08-13 22:49:19,,18WeightedRoundRobin
2024-08-13 22:49:19,,18WeightedRoundRobin
2024-08-13 22:49:19,,18WeightedRoundRobin
2024-08-13 22:49:19,,18WeightedRoundRobin
2024-08-13 22:49:19,,18WeightedRoundRobin
2024-08-13 22:49:19,,18WeightedRoundRobin
2024-08-13 22:49:19,,18WeightedRoundRobin
2024-08-13 22:49:19,,18WeightedRoundRobin
2024-08-13 22:49:19,,18WeightedRoundRobin
2024-08-13 22:49:19,,18WeightedRoundRobin
2024-08-13 22:49:19,,18WeightedRoundRobin
2024-08-13 22:49:19,,18WeightedRoundRobin
2024-08-13 22:49:19,,18WeightedRoundRobin
2024-08-13 22:49:19,,18WeightedRoundRobin
2024-08-13 22:49:19,,18WeightedRoundRobin
2024-08-13 22:49:19,,18WeightedRoundRobin
2024-08-13 22:49:19,,18WeightedRoundRobin
2024-08-13 22:49:19,,18WeightedRoundRobin
2024-08-13 22:49:19,,18WeightedRoundRobin
2024-08-13 22:49:19,,18WeightedRoundRobin
2024-08-13 22:49:19,,18WeightedRoundRobin
2024-08-13 22:49:19,,18WeightedRoundRobin
2024-08-13 22:49:19,,18WeightedRoundRobin
2024-08-13 22:49:19,,18WeightedRoundRobin
2024-08-13 22:49:19,,18WeightedRoundRobin
2024-08-13 22:49:19,,18WeightedRoundRobin
2024-08-13 22:49:19,,18WeightedRoundRobin
2024-08-13 22:49:19,,18WeightedRoundRobin
2024-08-13 22:49:19,,18WeightedRoundRobin
2024-08-13 22:49:19,,18WeightedRoundRobin
2024-08-13 22:49:19,,18WeightedRoundRobin
2024-08-13 22:49:19,,18WeightedRoundRobin
2024-08-13 22:49:19,,18WeightedRoundRobin
2024-08-13 22:49:19,,18WeightedRoundRobin
2024-08-13 22:49:19,,18WeightedRoundRobin
2024-08-13 22:49:19,,18WeightedRoundRobin
2024-08-13 22:49:19,,18WeightedRoundRobin
2024-08-13 22:49:19,,18WeightedRoundRobin
2024-08-13 22:49:19,,18WeightedRoundRobin
2024-08-13 22:49:19,,18WeightedRoundRobin
2024-08-13 22:49:19,,18WeightedRoundRobin
2024-08-13 22:49:19,,18WeightedRoundRobin
2024-08-13 22:49:19,,18WeightedRoundRobin
2024-08-13 22:49:19,,18WeightedRoundRobin
2024-08-13 22:49:19,,18WeightedRoundRobin
2024-08-13 22:49:19,,18WeightedRoundRobin
2024-08-13 22:49:19,,18WeightedRoundRobin
2024-08-13 22:49:19,,18WeightedRoundRobin
2024-08-13 22:49:19,,18WeightedRoundRobin
2024-08-13 22:49:19,,18WeightedRoundRobin
2024-08-13 22:49:20,,18WeightedRoundRobin
2024-08-13 22:49:20,,18WeightedRoundRobin
2024-08-13 22:49:20,,18WeightedRoundRobin
2024-08-13 22:49:20,,18WeightedRoundRobin
2024-08-13 22:49:20,,18WeightedRoundRobin
2024-08-13 22:49:20,,18WeightedRoundRobin
2024-08-13 22:49:20,,18WeightedRoundRobin
2024-08-13 22:49:20,,18WeightedRoundRobin
2024-08-13 22:49:20,,18WeightedRoundRobin
2024-08-13 22:49:20,,18WeightedRoundRobin
2024-08-13 22:49:20,,18WeightedRoundRobin
2024-08-13 22:49:20,,18WeightedRoundRobin
2024-08-13 22:49:20,,18WeightedRoundRobin
2024-08-13 22:49:20,,18WeightedRoundRobin
2024-08-13 22:49:20,,18WeightedRoundRobin
2024-08-13 22:49:20,,18WeightedRoundRobin
2024-08-13 22:49:20,,18WeightedRoundRobin
2024-08-13 22:49:20,,18WeightedRoundRobin
2024-08-13 22:49:20,,18WeightedRoundRobin
2024-08-13 22:49:20,,18WeightedRoundRobin
2024-08-13 22:49:20,,18WeightedRoundRobin
2024-08-13 22:49:20,,18WeightedRoundRobin
2024-08-13 22:49:20,,18WeightedRoundRobin
2024-08-13 22:49:20,,18WeightedRoundRobin
2024-08-13 22:49:20,,18WeightedRoundRobin
2024-08-13 22:49:20,,18WeightedRoundRobin
2024-08-13 22:49:20,,18WeightedRoundRobin
2024-08-13 22:49:20,,18WeightedRoundRobin
2024-08-13 22:49:20,,18WeightedRoundRobin
2024-08-13 22:49:20,,18WeightedRoundRobin
2024-08-13 22:49:20,,18WeightedRoundRobin
2024-08-13 22:49:20,,18WeightedRoundRobin
2024-08-13 22:49:20,,18WeightedRoundRobin
2024-08-13 22:49:20,,18WeightedRoundRobin
2024-08-13 22:49:20,,18WeightedRoundRobin
2024-08-13 22:49:20,,18WeightedRoundRobin
2024-08-13 22:49:20,,18WeightedRoundRobin
2024-08-13 22:49:20,,18WeightedRoundRobin
2024-08-13 22:49:20,,18WeightedRoundRobin
2024-08-13 22:49:20,,18WeightedRoundRobin
2024-08-13 22:49:20,,18WeightedRoundRobin
2024-08-13 22:49:20,,18WeightedRoundRobin
2024-08-13 22:49:20,,18WeightedRoundRobin
2024-08-13 22:49:20,,18WeightedRoundRobin
2024-08-13 22:49:20,,18WeightedRoundRobin
2024-08-13 22:49:20,,18WeightedRoundRobin
2024-08-13 22:49:20,,18WeightedRoundRobin
2024-08-13 22:49:20,,18WeightedRoundRobin
2024-08-13 22:49:20,,18WeightedRoundRobin
2024-08-13 22:49:20,,18WeightedRoundRobin
2024-08-13 22:49:20,,18WeightedRoundRobin
2024-08-13 22:49:20,,18WeightedRoundRobin
2024-08-13 22:49:20,,18WeightedRoundRobin
2024-08-13 22:49:20,,18WeightedRoundRobin
2024-08-13 22:49:20,,18WeightedRoundRobin
2024-08-13 22:49:20,,18WeightedRoundRobin
2024-08-13 22:49:20,,18WeightedRoundRobin
2024-08-13 22:49:20,,18WeightedRoundRobin
2024-08-13 22:49:20,,18WeightedRoundRobin
2024-08-13 22:49:20,,18WeightedRoundRobin
2024-08-13 22:49:20,,18WeightedRoundRobin
2024-08-13 22:49:20,,18WeightedRoundRobin
2024-08-13 22:49:20,,18WeightedRoundRobin
2024-08-13 22:49:20,,18WeightedRoundRobin
2024-08-13 22:49:20,,18WeightedRoundRobin
2024-08-13 22:49:20,,18WeightedRoundRobin
2024-08-13 22:49:20,,18WeightedRoundRobin
2024-08-13 22:49:20,,18WeightedRoundRobin
2024-08-13 22:49:20,,18WeightedRoundRobin
2024-08-13 22:49:20,,18WeightedRoundRobin
2024-08-13 22:49:20,,18WeightedRoundRobin
2024-08-13 22:49:20,,18WeightedRoundRobin
2024-08-13 22:49:20,,18WeightedRoundRobin
2024-08-13 22:49:20,,18WeightedRoundRobin
2024-08-13 22:49:20,,18WeightedRoundRobin
2024-08-13 22:49:20,,18WeightedRoundRobin
2024-08-13 22:49:20,,18WeightedRoundRobin
2024-08-13 22:49:20,,18WeightedRoundRobin
2024-08-13 22:49:20,,18WeightedRoundRobin
2024-08-13 22:49:20,,18WeightedRoundRobin
2024-08-13 22:49:20,,18WeightedRoundRobin
2024-08-13 22:49:20,,18WeightedRoundRobin
2024-08-13 22:49:20,,18WeightedRoundRobin
2024-08-13 22:49:20,,18WeightedRoundRobin
2024-08-13 22:49:20,,18WeightedRoundRobin
2024-08-13 22:49:20,,18WeightedRoundRobin
2024-08-13 22:49:20,,18WeightedRoundRobin
2024-08-13 22:49:20,,18WeightedRoundRobin
2024-08-13 22:49:20,,18WeightedRoundRobin
2024-08-13 22:49:20,,18WeightedRoundRobin
2024-08-13 22:49:20,,18WeightedRoundRobin
2024-08-13 22:49:20,,18WeightedRoundRobin
2024-08-13 22:49:20,,18WeightedRoundRobin
2024-08-13 22:49:20,,18WeightedRoundRobin
2024-08-13 22:49:20,,18WeightedRoundRobin
2024-08-13 22:49:20,,18WeightedRoundRobin
2024-08-13 22:49:20,,18WeightedRoundRobin
2024-08-13 22:49:20,,18WeightedRoundRobin
2024-08-13 22:49:20,,18WeightedRoundRobin
2024-08-13 22:49:20,,18WeightedRoundRobin
2024-08-13 22:49:20,,18WeightedRoundRobin
2024-08-13 22:49:20,,18WeightedRoundRobin
2024-08-13 22:49:20,,18WeightedRoundRobin
2024-08-13 22:49:20,,18WeightedRoundRobin
2024-08-13 22:49:20,,18WeightedRoundRobin
2024-08-13 22:49:20,,18WeightedRoundRobin
2024-08-13 22:49:20,,18WeightedRoundRobin
2024-08-13 22:49:20,,18WeightedRoundRobin
2024-08-13 22:49:20,,18WeightedRoundRobin
2024-08-13 22:49:20,,18WeightedRoundRobin
2024-08-13 22:49:20,,18WeightedRoundRobin
2024-08-13 22:49:20,,18WeightedRoundRobin
2024-08-13 22:49:20,,18WeightedRoundRobin
2024-08-13 22:49:20,,18WeightedRoundRobin
2024-08-13 22:49:20,,18WeightedRoundRobin
2024-08-13 22:49:20,,18WeightedRoundRobin
2024-08-13 22:49:20,,18WeightedRoundRobin
2024-08-13 22:49:20,,18WeightedRoundRobin
2024-08-13 22:49:20,,18WeightedRoundRobin
2024-08-13 22:49:20,,18WeightedRoundRobin
2024-08-13 22:49:20,,18WeightedRoundRobin
2024-08-13 22:49:20,,18WeightedRoundRobin
2024-08-13 22:49:20,,18WeightedRoundRobin
2024-08-13 22:49:20,,18WeightedRoundRobin
2024-08-13 22:49:20,,18WeightedRoundRobin
2024-08-13 22:49:20,,18WeightedRoundRobin
2024-08-13 22:49:20,,18WeightedRoundRobin
2024-08-13 22:49:20,,18WeightedRoundRobin
2024-08-13 22:49:20,,18WeightedRoundRobin
2024-08-13 22:49:20,,18WeightedRoundRobin
2024-08-13 22:49:20,,18WeightedRoundRobin
2024-08-13 22:49:20,,18WeightedRoundRobin
2024-08-13 22:49:20,,18WeightedRoundRobin
2024-08-13 22:49:20,,18WeightedRoundRobin
2024-08-13 22:49:20,,18WeightedRoundRobin
2024-08-13 22:49:20,,18WeightedRoundRobin
2024-08-13 22:49:20,,18WeightedRoundRobin
2024-08-13 22:49:20,,18WeightedRoundRobin
2024-08-13 22:49:20,,18WeightedRoundRobin
2024-08-13 22:49:20,,18WeightedRoundRobin
2024-08-13 22:49:20,,18WeightedRoundRobin
2024-08-13 22:49:20,,18WeightedRoundRobin
2024-08-13 22:49:20,,18WeightedRoundRobin
2024-08-13 22:49:20,,18WeightedRoundRobin
2024-08-13 22:49:20,,18WeightedRoundRobin
2024-08-13 22:49:20,,18WeightedRoundRobin
2024-08-13 22:49:20,,18WeightedRoundRobin
2024-08-13 22:49:20,,18WeightedRoundRobin
2024-08-13 22:49:20,,18WeightedRoundRobin
2024-08-13 22:49:20,,18WeightedRoundRobin
2024-08-13 22:49:20,,18WeightedRoundRobin
2024-08-13 22:49:20,,18WeightedRoundRobin
2024-08-13 22:49:20,,18WeightedRoundRobin
2024-08-13 22:49:20,,18WeightedRoundRobin
2024-08-13 22:49:20,,18WeightedRoundRobin
2024-08-13 22:49:20,,18WeightedRoundRobin
2024-08-13 22:49:20,,18WeightedRoundRobin
2024-08-13 22:49:20,,18WeightedRoundRobin
2024-08-13 22:49:20,,18WeightedRoundRobin
2024-08-13 22:49:20,,18WeightedRoundRobin
2024-08-13 22:49:20,,18WeightedRoundRobin
2024-08-13 22:49:20,,18WeightedRoundRobin
2024-08-13 22:49:20,,18WeightedRoundRobin
2024-08-13 22:49:20,,18WeightedRoundRobin
2024-08-13 22:49:20,,18WeightedRoundRobin
2024-08-13 22:49:20,,18WeightedRoundRobin
2024-08-13 22:49:20,,18WeightedRoundRobin
2024-08-13 22:49:20,,18WeightedRoundRobin
2024-08-13 22:49:20,,18WeightedRoundRobin
2024-08-13 22:49:20,,18WeightedRoundRobin
2024-08-13 22:49:20,,18WeightedRoundRobin
2024-08-13 22:49:20,,18WeightedRoundRobin
2024-08-13 22:49:20,,18WeightedRoundRobin
2024-08-13 22:49:20,,18WeightedRoundRobin
2024-08-13 22:49:20,,18WeightedRoundRobin
2024-08-13 22:49:20,,18WeightedRoundRobin
2024-08-13 22:49:20,,18WeightedRoundRobin
2024-08-13 22:49:20,,18WeightedRoundRobin
2024-08-13 22:49:20,,18WeightedRoundRobin
2024-08-13 22:49:20,,18WeightedRoundRobin
2024-08-13 22:49:20,,18WeightedRoundRobin
2024-08-13 22:49:20,,18WeightedRoundRobin
2024-08-13 22:49:20,,18WeightedRoundRobin
2024-08-13 22:49:20,,18WeightedRoundRobin
2024-08-13 22:49:20,,18WeightedRoundRobin
2024-08-13 22:49:20,,18WeightedRoundRobin
2024-08-13 22:49:20,,18WeightedRoundRobin
2024-08-13 22:49:20,,18WeightedRoundRobin
2024-08-13 22:49:20,,18WeightedRoundRobin
2024-08-13 22:49:20,,18WeightedRoundRobin
2024-08-13 22:49:20,,18WeightedRoundRobin
2024-08-13 22:49:20,,18WeightedRoundRobin
2024-08-13 22:49:20,,18WeightedRoundRobin
2024-08-13 22:49:20,,18WeightedRoundRobin
2024-08-13 22:49:20,,18WeightedRoundRobin
2024-08-13 22:49:20,,18WeightedRoundRobin
2024-08-13 22:49:21,,18WeightedRoundRobin
2024-08-13 22:49:21,,18WeightedRoundRobin
2024-08-13 22:49:21,,18WeightedRoundRobin
2024-08-13 22:49:21,,18WeightedRoundRobin
2024-08-13 22:49:21,,18WeightedRoundRobin
2024-08-13 22:49:21,,18WeightedRoundRobin
2024-08-13 22:49:21,,18WeightedRoundRobin
2024-08-13 22:49:21,,18WeightedRoundRobin
2024-08-13 22:49:21,,18WeightedRoundRobin
2024-08-13 22:49:21,,18WeightedRoundRobin
2024-08-13 22:49:21,,18WeightedRoundRobin
2024-08-13 22:49:21,,18WeightedRoundRobin
2024-08-13 22:49:21,,18WeightedRoundRobin
2024-08-13 22:49:21,,18WeightedRoundRobin
2024-08-13 22:49:21,,18WeightedRoundRobin
2024-08-13 22:49:21,,18WeightedRoundRobin
2024-08-13 22:49:21,,18WeightedRoundRobin
2024-08-13 22:49:21,,18WeightedRoundRobin
2024-08-13 22:49:21,,18WeightedRoundRobin
2024-08-13 22:49:21,,18WeightedRoundRobin
2024-08-13 22:49:21,,18WeightedRoundRobin
2024-08-13 22:49:21,,18WeightedRoundRobin
2024-08-13 22:49:21,,18WeightedRoundRobin
2024-08-13 22:49:21,,18WeightedRoundRobin
2024-08-13 22:49:21,,18WeightedRoundRobin
2024-08-13 22:49:21,,18WeightedRoundRobin
2024-08-13 22:49:21,,18WeightedRoundRobin
2024-08-13 22:49:21,,18WeightedRoundRobin
2024-08-13 22:49:21,,18WeightedRoundRobin
2024-08-13 22:49:21,,18WeightedRoundRobin
2024-08-13 22:49:21,,18WeightedRoundRobin
2024-08-13 22:49:21,,18WeightedRoundRobin
2024-08-13 22:49:21,,18WeightedRoundRobin
2024-08-13 22:49:21,,18WeightedRoundRobin
2024-08-13 22:49:21,,18WeightedRoundRobin
2024-08-13 22:49:21,,18WeightedRoundRobin
2024-08-13 22:49:21,,18WeightedRoundRobin
2024-08-13 22:49:21,,18WeightedRoundRobin
2024-08-13 22:49:21,,18WeightedRoundRobin
2024-08-13 22:49:21,,18WeightedRoundRobin
2024-08-13 22:49:21,,18WeightedRoundRobin
2024-08-13 22:49:21,,18WeightedRoundRobin
2024-08-13 22:49:21,,18WeightedRoundRobin
2024-08-13 22:49:21,,18WeightedRoundRobin
2024-08-13 22:49:21,,18WeightedRoundRobin
2024-08-13 22:49:21,,18WeightedRoundRobin
2024-08-13 22:49:21,,18WeightedRoundRobin
2024-08-13 22:49:21,,18WeightedRoundRobin
2024-08-13 22:49:21,,18WeightedRoundRobin
2024-08-13 22:49:21,,18WeightedRoundRobin
2024-08-13 22:49:21,,18WeightedRoundRobin
2024-08-13 22:49:21,,18WeightedRoundRobin
2024-08-13 22:49:21,,18WeightedRoundRobin
2024-08-13 22:49:21,,18WeightedRoundRobin
2024-08-13 22:49:21,,18WeightedRoundRobin
2024-08-13 22:49:21,,18WeightedRoundRobin
2024-08-13 22:49:21,,18WeightedRoundRobin
2024-08-13 22:49:21,,18WeightedRoundRobin
2024-08-13 22:49:21,,18WeightedRoundRobin
2024-08-13 22:49:21,,18WeightedRoundRobin
2024-08-13 22:49:21,,18WeightedRoundRobin
2024-08-13 22:49:21,,18WeightedRoundRobin
2024-08-13 22:49:21,,18WeightedRoundRobin
2024-08-13 22:49:21,,18WeightedRoundRobin
2024-08-13 22:49:21,,18WeightedRoundRobin
2024-08-13 22:49:21,,18WeightedRoundRobin
2024-08-13 22:49:21,,18WeightedRoundRobin
2024-08-13 22:49:21,,18WeightedRoundRobin
2024-08-13 22:49:21,,18WeightedRoundRobin
2024-08-13 22:49:21,,18WeightedRoundRobin
2024-08-13 22:49:21,,18WeightedRoundRobin
2024-08-13 22:49:21,,18WeightedRoundRobin
2024-08-13 22:49:21,,18WeightedRoundRobin
2024-08-13 22:49:21,,18WeightedRoundRobin
2024-08-13 22:49:21,,18WeightedRoundRobin
2024-08-13 22:49:21,,18WeightedRoundRobin
2024-08-13 22:49:21,,18WeightedRoundRobin
2024-08-13 22:49:21,,18WeightedRoundRobin
2024-08-13 22:49:21,,18WeightedRoundRobin
2024-08-13 22:49:21,,18WeightedRoundRobin
2024-08-13 22:49:21,,18WeightedRoundRobin
2024-08-13 22:49:21,,18WeightedRoundRobin
2024-08-13 22:49:21,,18WeightedRoundRobin
2024-08-13 22:49:21,,18WeightedRoundRobin
2024-08-13 22:49:21,,18WeightedRoundRobin
2024-08-13 22:49:21,,18WeightedRoundRobin
2024-08-13 22:49:21,,18WeightedRoundRobin
2024-08-13 22:49:21,,18WeightedRoundRobin
2024-08-13 22:49:21,,18WeightedRoundRobin
2024-08-13 22:49:21,,18WeightedRoundRobin
2024-08-13 22:49:21,,18WeightedRoundRobin
2024-08-13 22:49:21,,18WeightedRoundRobin
2024-08-13 22:49:21,,18WeightedRoundRobin
2024-08-13 22:49:21,,18WeightedRoundRobin
2024-08-13 22:49:21,,18WeightedRoundRobin
2024-08-13 22:49:21,,18WeightedRoundRobin
2024-08-13 22:49:21,,18WeightedRoundRobin
2024-08-13 22:49:21,,18WeightedRoundRobin
2024-08-13 22:49:21,,18WeightedRoundRobin
2024-08-13 22:49:21,,18WeightedRoundRobin
2024-08-13 22:49:21,,18WeightedRoundRobin
2024-08-13 22:49:21,,18WeightedRoundRobin
2024-08-13 22:49:21,,18WeightedRoundRobin
2024-08-13 22:49:21,,18WeightedRoundRobin
2024-08-13 22:49:21,,18WeightedRoundRobin
2024-08-13 22:49:21,,18WeightedRoundRobin
2024-08-13 22:49:21,,18WeightedRoundRobin
2024-08-13 22:49:21,,18WeightedRoundRobin
2024-08-13 22:49:21,,18WeightedRoundRobin
2024-08-13 22:49:21,,18WeightedRoundRobin
2024-08-13 22:49:21,,18WeightedRoundRobin
2024-08-13 22:49:21,,18WeightedRoundRobin
2024-08-13 22:49:21,,18WeightedRoundRobin
2024-08-13 22:49:21,,18WeightedRoundRobin
2024-08-13 22:49:21,,18WeightedRoundRobin
2024-08-13 22:49:21,,18WeightedRoundRobin
2024-08-13 22:49:21,,18WeightedRoundRobin
2024-08-13 22:49:21,,18WeightedRoundRobin
2024-08-13 22:49:21,,18WeightedRoundRobin
2024-08-13 22:49:21,,18WeightedRoundRobin
2024-08-13 22:49:21,,18WeightedRoundRobin
2024-08-13 22:49:21,,18WeightedRoundRobin
2024-08-13 22:49:21,,18WeightedRoundRobin
2024-08-13 22:49:21,,18WeightedRoundRobin
2024-08-13 22:49:21,,18WeightedRoundRobin
2024-08-13 22:49:21,,18WeightedRoundRobin
2024-08-13 22:49:21,,18WeightedRoundRobin
2024-08-13 22:49:21,,18WeightedRoundRobin
2024-08-13 22:49:21,,18WeightedRoundRobin
2024-08-13 22:49:21,,18WeightedRoundRobin
2024-08-13 22:49:21,,18WeightedRoundRobin
2024-08-13 22:49:21,,18WeightedRoundRobin
2024-08-13 22:49:21,,18WeightedRoundRobin
2024-08-13 22:49:21,,18WeightedRoundRobin
2024-08-13 22:49:21,,18WeightedRoundRobin
2024-08-13 22:49:21,,18WeightedRoundRobin
2024-08-13 22:49:21,,18WeightedRoundRobin
2024-08-13 22:49:21,,18WeightedRoundRobin
2024-08-13 22:49:21,,18WeightedRoundRobin
2024-08-13 22:49:21,,18WeightedRoundRobin
2024-08-13 22:49:21,,18WeightedRoundRobin
2024-08-13 22:49:21,,18WeightedRoundRobin
2024-08-13 22:49:21,,18WeightedRoundRobin
2024-08-13 22:49:21,,18WeightedRoundRobin
2024-08-13 22:49:21,,18WeightedRoundRobin
2024-08-13 22:49:21,,18WeightedRoundRobin
2024-08-13 22:49:21,,18WeightedRoundRobin
2024-08-13 22:49:21,,18WeightedRoundRobin
2024-08-13 22:49:21,,18WeightedRoundRobin
2024-08-13 22:49:21,,18WeightedRoundRobin
2024-08-13 22:49:21,,18WeightedRoundRobin
2024-08-13 22:49:21,,18WeightedRoundRobin
2024-08-13 22:49:21,,18WeightedRoundRobin
2024-08-13 22:49:21,,18WeightedRoundRobin
2024-08-13 22:49:21,,18WeightedRoundRobin
2024-08-13 22:49:21,,18WeightedRoundRobin
2024-08-13 22:49:21,,18WeightedRoundRobin
2024-08-13 22:49:21,,18WeightedRoundRobin
2024-08-13 22:49:21,,18WeightedRoundRobin
2024-08-13 22:49:21,,18WeightedRoundRobin
2024-08-13 22:49:21,,18WeightedRoundRobin
2024-08-13 22:49:21,,18WeightedRoundRobin
2024-08-13 22:49:21,,18WeightedRoundRobin
2024-08-13 22:49:21,,18WeightedRoundRobin
2024-08-13 22:49:21,,18WeightedRoundRobin
2024-08-13 22:49:21,,18WeightedRoundRobin
2024-08-13 22:49:21,,18WeightedRoundRobin
2024-08-13 22:49:21,,18WeightedRoundRobin
2024-08-13 22:49:21,,18WeightedRoundRobin
2024-08-13 22:49:21,,18WeightedRoundRobin
2024-08-13 22:49:21,,18WeightedRoundRobin
2024-08-13 22:49:21,,18WeightedRoundRobin
2024-08-13 22:49:21,,18WeightedRoundRobin
2024-08-13 22:49:21,,18WeightedRoundRobin
2024-08-13 22:49:21,,18WeightedRoundRobin
2024-08-13 22:49:21,,18WeightedRoundRobin
2024-08-13 22:49:21,,18WeightedRoundRobin
2024-08-13 22:49:21,,18WeightedRoundRobin
2024-08-13 22:49:21,,18WeightedRoundRobin
2024-08-13 22:49:21,,18WeightedRoundRobin
2024-08-13 22:49:21,,18WeightedRoundRobin
2024-08-13 22:49:21,,18WeightedRoundRobin
2024-08-13 22:49:21,,18WeightedRoundRobin
2024-08-13 22:49:21,,18WeightedRoundRobin
2024-08-13 22:49:21,,18WeightedRoundRobin
2024-08-13 22:49:21,,18WeightedRoundRobin
2024-08-13 22:49:21,,18WeightedRoundRobin
2024-08-13 22:49:21,,18WeightedRoundRobin
2024-08-13 22:49:21,,18WeightedRoundRobin
2024-08-13 22:49:21,,18WeightedRoundRobin
2024-08-13 22:49:21,,18WeightedRoundRobin
2024-08-13 22:49:21,,18WeightedRoundRobin
2024-08-13 22:49:21,,18WeightedRoundRobin
2024-08-13 22:49:21,,18WeightedRoundRobin
2024-08-13 22:49:21,,18WeightedRoundRobin
2024-08-13 22:49:21,,18WeightedRoundRobin
2024-08-13 22:49:21,,18WeightedRoundRobin
2024-08-13 22:49:21,,18WeightedRoundRobin
2024-08-13 22:49:21,,18WeightedRoundRobin
2024-08-13 22:49:21,,18WeightedRoundRobin
2024-08-13 22:49:21,,18WeightedRoundRobin
2024-08-13 22:49:21,,18WeightedRoundRobin
2024-08-13 22:49:21,,18WeightedRoundRobin
2024-08-13 22:49:21,,18WeightedRoundRobin
2024-08-13 22:49:21,,18WeightedRoundRobin
2024-08-13 22:49:21,,18WeightedRoundRobin
2024-08-13 22:49:21,,18WeightedRoundRobin
2024-08-13 22:49:21,,18WeightedRoundRobin
2024-08-13 22:49:21,,18WeightedRoundRobin
2024-08-13 22:49:21,,18WeightedRoundRobin
2024-08-13 22:49:21,,18WeightedRoundRobin
2024-08-13 22:49:21,,18WeightedRoundRobin
2024-08-13 22:49:21,,18WeightedRoundRobin
2024-08-13 22:49:21,,18WeightedRoundRobin
2024-08-13 22:49:21,,18WeightedRoundRobin
2024-08-13 22:49:21,,18WeightedRoundRobin
2024-08-13 22:49:21,,18WeightedRoundRobin
2024-08-13 22:49:21,,18WeightedRoundRobin
2024-08-13 22:49:21,,18WeightedRoundRobin
2024-08-13 22:49:21,,18WeightedRoundRobin
2024-08-13 22:49:21,,18WeightedRoundRobin
2024-08-13 22:49:21,,18WeightedRoundRobin
2024-08-13 22:49:21,,18WeightedRoundRobin
2024-08-13 22:49:21,,18WeightedRoundRobin
2024-08-13 22:49:21,,18WeightedRoundRobin
2024-08-13 22:49:21,,18WeightedRoundRobin
2024-08-13 22:49:21,,18WeightedRoundRobin
2024-08-13 22:49:21,,18WeightedRoundRobin
2024-08-13 22:49:21,,18WeightedRoundRobin
2024-08-13 22:49:21,,18WeightedRoundRobin
2024-08-13 22:49:21,,18WeightedRoundRobin
2024-08-13 22:49:21,,18WeightedRoundRobin
2024-08-13 22:49:21,,18WeightedRoundRobin
2024-08-13 22:49:21,,18WeightedRoundRobin
2024-08-13 22:49:21,,18WeightedRoundRobin
2024-08-13 22:49:21,,18WeightedRoundRobin
2024-08-13 22:49:21,,18WeightedRoundRobin
2024-08-13 22:49:21,,18WeightedRoundRobin
2024-08-13 22:49:21,,18WeightedRoundRobin
2024-08-13 22:49:21,,18WeightedRoundRobin
2024-08-13 22:49:21,,18WeightedRoundRobin
2024-08-13 22:49:21,,18WeightedRoundRobin
2024-08-13 22:49:21,,18WeightedRoundRobin
2024-08-13 22:49:21,,18WeightedRoundRobin
2024-08-13 22:49:21,,18WeightedRoundRobin
2024-08-13 22:49:21,,18WeightedRoundRobin
2024-08-13 22:49:21,,18WeightedRoundRobin
2024-08-13 22:49:21,,18WeightedRoundRobin
2024-08-13 22:49:22,,18WeightedRoundRobin
2024-08-13 22:49:22,,18WeightedRoundRobin
2024-08-13 22:49:22,,18WeightedRoundRobin
2024-08-13 22:49:22,,18WeightedRoundRobin
2024-08-13 22:49:22,,18WeightedRoundRobin
2024-08-13 22:49:22,,18WeightedRoundRobin
2024-08-13 22:49:22,,18WeightedRoundRobin
2024-08-13 22:49:22,,18WeightedRoundRobin
2024-08-13 22:49:22,,18WeightedRoundRobin
2024-08-13 22:49:22,,18WeightedRoundRobin
2024-08-13 22:49:22,,18WeightedRoundRobin
2024-08-13 22:49:22,,18WeightedRoundRobin
2024-08-13 22:49:22,,18WeightedRoundRobin
2024-08-13 22:49:22,,18WeightedRoundRobin
2024-08-13 22:49:22,,18WeightedRoundRobin
2024-08-13 22:49:22,,18WeightedRoundRobin
2024-08-13 22:49:22,,18WeightedRoundRobin
2024-08-13 22:49:22,,18WeightedRoundRobin
2024-08-13 22:49:22,,18WeightedRoundRobin
2024-08-13 22:49:22,,18WeightedRoundRobin
2024-08-13 22:49:22,,18WeightedRoundRobin
2024-08-13 22:49:22,,18WeightedRoundRobin
2024-08-13 22:49:22,,18WeightedRoundRobin
2024-08-13 22:49:22,,18WeightedRoundRobin
2024-08-13 22:49:22,,18WeightedRoundRobin
2024-08-13 22:49:22,,18WeightedRoundRobin
2024-08-13 22:49:22,,18WeightedRoundRobin
2024-08-13 22:49:22,,18WeightedRoundRobin
2024-08-13 22:49:22,,18WeightedRoundRobin
2024-08-13 22:49:22,,18WeightedRoundRobin
2024-08-13 22:49:22,,18WeightedRoundRobin
2024-08-13 22:49:22,,18WeightedRoundRobin
2024-08-13 22:49:22,,18WeightedRoundRobin
2024-08-13 22:49:22,,18WeightedRoundRobin
2024-08-13 22:49:22,,18WeightedRoundRobin
2024-08-13 22:49:22,,18WeightedRoundRobin
2024-08-13 22:49:22,,18WeightedRoundRobin
2024-08-13 22:49:22,,18WeightedRoundRobin
2024-08-13 22:49:22,,18WeightedRoundRobin
2024-08-13 22:49:22,,18WeightedRoundRobin
2024-08-13 22:49:22,,18WeightedRoundRobin
2024-08-13 22:49:22,,18WeightedRoundRobin
2024-08-13 22:49:22,,18WeightedRoundRobin
2024-08-13 22:49:22,,18WeightedRoundRobin
2024-08-13 22:49:22,,18WeightedRoundRobin
2024-08-13 22:49:22,,18WeightedRoundRobin
2024-08-13 22:49:22,,18WeightedRoundRobin
2024-08-13 22:49:22,,18WeightedRoundRobin
2024-08-13 22:49:22,,18WeightedRoundRobin
2024-08-13 22:49:22,,18WeightedRoundRobin
2024-08-13 22:49:22,,18WeightedRoundRobin
2024-08-13 22:49:22,,18WeightedRoundRobin
2024-08-13 22:49:22,,18WeightedRoundRobin
2024-08-13 22:49:22,,18WeightedRoundRobin
2024-08-13 22:49:22,,18WeightedRoundRobin
2024-08-13 22:49:22,,18WeightedRoundRobin
2024-08-13 22:49:22,,18WeightedRoundRobin
2024-08-13 22:49:22,,18WeightedRoundRobin
2024-08-13 22:49:22,,18WeightedRoundRobin
2024-08-13 22:49:22,,18WeightedRoundRobin
2024-08-13 22:49:22,,18WeightedRoundRobin
2024-08-13 22:49:22,,18WeightedRoundRobin
2024-08-13 22:49:22,,18WeightedRoundRobin
2024-08-13 22:49:22,,18WeightedRoundRobin
2024-08-13 22:49:22,,18WeightedRoundRobin
2024-08-13 22:49:22,,18WeightedRoundRobin
2024-08-13 22:49:22,,18WeightedRoundRobin
2024-08-13 22:49:22,,18WeightedRoundRobin
2024-08-13 22:49:22,,18WeightedRoundRobin
2024-08-13 22:49:22,,18WeightedRoundRobin
2024-08-13 22:49:22,,18WeightedRoundRobin
2024-08-13 22:49:22,,18WeightedRoundRobin
2024-08-13 22:49:22,,18WeightedRoundRobin
2024-08-13 22:49:22,,18WeightedRoundRobin
2024-08-13 22:49:22,,18WeightedRoundRobin
2024-08-13 22:49:22,,18WeightedRoundRobin
2024-08-13 22:49:22,,18WeightedRoundRobin
2024-08-13 22:49:22,,18WeightedRoundRobin
2024-08-13 22:49:22,,18WeightedRoundRobin
2024-08-13 22:49:22,,18WeightedRoundRobin
2024-08-13 22:49:22,,18WeightedRoundRobin
2024-08-13 22:49:22,,18WeightedRoundRobin
2024-08-13 22:49:22,,18WeightedRoundRobin
2024-08-13 22:49:22,,18WeightedRoundRobin
2024-08-13 22:49:22,,18WeightedRoundRobin
2024-08-13 22:49:22,,18WeightedRoundRobin
2024-08-13 22:49:22,,18WeightedRoundRobin
2024-08-13 22:49:22,,18WeightedRoundRobin
2024-08-13 22:49:22,,18WeightedRoundRobin
2024-08-13 22:49:22,,18WeightedRoundRobin
2024-08-13 22:49:22,,18WeightedRoundRobin
2024-08-13 22:49:22,,18WeightedRoundRobin
2024-08-13 22:49:22,,18WeightedRoundRobin
2024-08-13 22:49:22,,18WeightedRoundRobin
2024-08-13 22:49:22,,18WeightedRoundRobin
2024-08-13 22:49:22,,18WeightedRoundRobin
2024-08-13 22:49:22,,18WeightedRoundRobin
2024-08-13 22:49:22,,18WeightedRoundRobin
2024-08-13 22:49:22,,18WeightedRoundRobin
2024-08-13 22:49:22,,18WeightedRoundRobin
2024-08-13 22:49:22,,18WeightedRoundRobin
2024-08-13 22:49:22,,18WeightedRoundRobin
2024-08-13 22:49:22,,18WeightedRoundRobin
2024-08-13 22:49:22,,18WeightedRoundRobin
2024-08-13 22:49:22,,18WeightedRoundRobin
2024-08-13 22:49:22,,18WeightedRoundRobin
2024-08-13 22:49:22,,18WeightedRoundRobin
2024-08-13 22:49:22,,18WeightedRoundRobin
2024-08-13 22:49:22,,18WeightedRoundRobin
2024-08-13 22:49:22,,18WeightedRoundRobin
2024-08-13 22:49:22,,18WeightedRoundRobin
2024-08-13 22:49:22,,18WeightedRoundRobin
2024-08-13 22:49:22,,18WeightedRoundRobin
2024-08-13 22:49:22,,18WeightedRoundRobin
2024-08-13 22:49:22,,18WeightedRoundRobin
2024-08-13 22:49:22,,18WeightedRoundRobin
2024-08-13 22:49:22,,18WeightedRoundRobin
2024-08-13 22:49:22,,18WeightedRoundRobin
2024-08-13 22:49:22,,18WeightedRoundRobin
2024-08-13 22:49:22,,18WeightedRoundRobin
2024-08-13 22:49:22,,18WeightedRoundRobin
2024-08-13 22:49:22,,18WeightedRoundRobin
2024-08-13 22:49:22,,18WeightedRoundRobin
2024-08-13 22:49:22,,18WeightedRoundRobin
2024-08-13 22:49:22,,18WeightedRoundRobin
2024-08-13 22:49:22,,18WeightedRoundRobin
2024-08-13 22:49:22,,18WeightedRoundRobin
2024-08-13 22:49:22,,18WeightedRoundRobin
2024-08-13 22:49:22,,18WeightedRoundRobin
2024-08-13 22:49:22,,18WeightedRoundRobin
2024-08-13 22:49:22,,18WeightedRoundRobin
2024-08-13 22:49:22,,18WeightedRoundRobin
2024-08-13 22:49:22,,18WeightedRoundRobin
2024-08-13 22:49:22,,18WeightedRoundRobin
2024-08-13 22:49:22,,18WeightedRoundRobin
2024-08-13 22:49:22,,18WeightedRoundRobin
2024-08-13 22:49:22,,18WeightedRoundRobin
2024-08-13 22:49:22,,18WeightedRoundRobin
2024-08-13 22:49:22,,18WeightedRoundRobin
2024-08-13 22:49:22,,18WeightedRoundRobin
2024-08-13 22:49:22,,18WeightedRoundRobin
2024-08-13 22:49:22,,18WeightedRoundRobin
2024-08-13 22:49:22,,18WeightedRoundRobin
2024-08-13 22:49:22,,18WeightedRoundRobin
2024-08-13 22:49:22,,18WeightedRoundRobin
2024-08-13 22:49:22,,18WeightedRoundRobin
2024-08-13 22:49:22,,18WeightedRoundRobin
2024-08-13 22:49:22,,18WeightedRoundRobin
2024-08-13 22:49:22,,18WeightedRoundRobin
2024-08-13 22:49:22,,18WeightedRoundRobin
2024-08-13 22:49:22,,18WeightedRoundRobin
2024-08-13 22:49:22,,18WeightedRoundRobin
2024-08-13 22:49:22,,18WeightedRoundRobin
2024-08-13 22:49:22,,18WeightedRoundRobin
2024-08-13 22:49:22,,18WeightedRoundRobin
2024-08-13 22:49:22,,18WeightedRoundRobin
2024-08-13 22:49:22,,18WeightedRoundRobin
2024-08-13 22:49:22,,18WeightedRoundRobin
2024-08-13 22:49:22,,18WeightedRoundRobin
2024-08-13 22:49:22,,18WeightedRoundRobin
2024-08-13 22:49:22,,18WeightedRoundRobin
2024-08-13 22:49:22,,18WeightedRoundRobin
2024-08-13 22:49:22,,18WeightedRoundRobin
2024-08-13 22:49:22,,18WeightedRoundRobin
2024-08-13 22:49:22,,18WeightedRoundRobin
2024-08-13 22:49:22,,18WeightedRoundRobin
2024-08-13 22:49:22,,18WeightedRoundRobin
2024-08-13 22:49:22,,18WeightedRoundRobin
2024-08-13 22:49:22,,18WeightedRoundRobin
2024-08-13 22:49:22,,18WeightedRoundRobin
2024-08-13 22:49:22,,18WeightedRoundRobin
2024-08-13 22:49:22,,18WeightedRoundRobin
2024-08-13 22:49:22,,18WeightedRoundRobin
2024-08-13 22:49:22,,18WeightedRoundRobin
2024-08-13 22:49:22,,18WeightedRoundRobin
2024-08-13 22:49:22,,18WeightedRoundRobin
2024-08-13 22:49:22,,18WeightedRoundRobin
2024-08-13 22:49:22,,18WeightedRoundRobin
2024-08-13 22:49:22,,18WeightedRoundRobin
2024-08-13 22:49:22,,18WeightedRoundRobin
2024-08-13 22:49:22,,18WeightedRoundRobin
2024-08-13 22:49:22,,18WeightedRoundRobin
2024-08-13 22:49:22,,18WeightedRoundRobin
2024-08-13 22:49:22,,18WeightedRoundRobin
2024-08-13 22:49:22,,18WeightedRoundRobin
2024-08-13 22:49:22,,18WeightedRoundRobin
2024-08-13 22:49:22,,18WeightedRoundRobin
2024-08-13 22:49:22,,18WeightedRoundRobin
2024-08-13 22:49:22,,18WeightedRoundRobin
2024-08-13 22:49:22,,18WeightedRoundRobin
2024-08-13 22:49:22,,18WeightedRoundRobin
2024-08-13 22:49:22,,18WeightedRoundRobin
2024-08-13 22:49:22,,18WeightedRoundRobin
2024-08-13 22:49:22,,18WeightedRoundRobin
2024-08-13 22:49:22,,18WeightedRoundRobin
2024-08-13 22:49:22,,18WeightedRoundRobin
2024-08-13 22:49:22,,18WeightedRoundRobin
2024-08-13 22:49:22,,18WeightedRoundRobin
2024-08-13 22:49:22,,18WeightedRoundRobin
2024-08-13 22:49:22,,18WeightedRoundRobin
2024-08-13 22:49:22,,18WeightedRoundRobin
2024-08-13 22:49:22,,18WeightedRoundRobin
2024-08-13 22:49:22,,18WeightedRoundRobin
2024-08-13 22:49:22,,18WeightedRoundRobin
2024-08-13 22:49:22,,18WeightedRoundRobin
2024-08-13 22:49:22,,18WeightedRoundRobin
2024-08-13 22:49:22,,18WeightedRoundRobin
2024-08-13 22:49:22,,18WeightedRoundRobin
2024-08-13 22:49:22,,18WeightedRoundRobin
2024-08-13 22:49:22,,18WeightedRoundRobin
2024-08-13 22:49:22,,18WeightedRoundRobin
2024-08-13 22:49:22,,18WeightedRoundRobin
2024-08-13 22:49:22,,18WeightedRoundRobin
2024-08-13 22:49:22,,18WeightedRoundRobin
2024-08-13 22:49:22,,18WeightedRoundRobin
2024-08-13 22:49:22,,18WeightedRoundRobin
2024-08-13 22:49:22,,18WeightedRoundRobin
2024-08-13 22:49:22,,18WeightedRoundRobin
2024-08-13 22:49:22,,18WeightedRoundRobin
2024-08-13 22:49:22,,18WeightedRoundRobin
2024-08-13 22:49:22,,18WeightedRoundRobin
2024-08-13 22:49:22,,18WeightedRoundRobin
2024-08-13 22:49:22,,18WeightedRoundRobin
2024-08-13 22:49:22,,18WeightedRoundRobin
2024-08-13 22:49:22,,18WeightedRoundRobin
2024-08-13 22:49:22,,18WeightedRoundRobin
2024-08-13 22:49:22,,18WeightedRoundRobin
2024-08-13 22:49:22,,18WeightedRoundRobin
2024-08-13 22:49:22,,18WeightedRoundRobin
2024-08-13 22:49:22,,18WeightedRoundRobin
2024-08-13 22:49:22,,18WeightedRoundRobin
2024-08-13 22:49:22,,18WeightedRoundRobin
2024-08-13 22:49:22,,18WeightedRoundRobin
2024-08-13 22:49:22,,18WeightedRoundRobin
2024-08-13 22:49:22,,18WeightedRoundRobin
2024-08-13 22:49:22,,18WeightedRoundRobin
2024-08-13 22:49:22,,18WeightedRoundRobin
2024-08-13 22:49:22,,18WeightedRoundRobin
2024-08-13 22:49:22,,18WeightedRoundRobin
2024-08-13 22:49:22,,18WeightedRoundRobin
2024-08-13 22:49:22,,18WeightedRoundRobin
2024-08-13 22:49:22,,18WeightedRoundRobin
2024-08-13 22:49:22,,18WeightedRoundRobin
2024-08-13 22:49:22,,18WeightedRoundRobin
2024-08-13 22:49:22,,18WeightedRoundRobin
2024-08-13 22:49:22,,18WeightedRoundRobin
2024-08-13 22:49:22,,18WeightedRoundRobin
2024-08-13 22:49:22,,18WeightedRoundRobin
2024-08-13 22:49:22,,18WeightedRoundRobin
2024-08-13 22:49:22,,18WeightedRoundRobin
2024-08-13 22:49:22,,18WeightedRoundRobin
2024-08-13 22:49:22,,18WeightedRoundRobin
2024-08-13 22:49:23,,18WeightedRoundRobin
2024-08-13 22:49:23,,18WeightedRoundRobin
2024-08-13 22:49:23,,18WeightedRoundRobin
2024-08-13 22:49:23,,18WeightedRoundRobin
2024-08-13 22:49:23,,18WeightedRoundRobin
2024-08-13 22:49:23,,18WeightedRoundRobin
2024-08-13 22:49:23,,18WeightedRoundRobin
2024-08-13 22:49:23,,18WeightedRoundRobin
2024-08-13 22:49:23,,18WeightedRoundRobin
2024-08-13 22:49:23,,18WeightedRoundRobin
2024-08-13 22:49:23,,18WeightedRoundRobin
2024-08-13 22:49:23,,18WeightedRoundRobin
2024-08-13 22:49:23,,18WeightedRoundRobin
2024-08-13 22:49:23,,18WeightedRoundRobin
2024-08-13 22:49:23,,18WeightedRoundRobin
2024-08-13 22:49:23,,18WeightedRoundRobin
2024-08-13 22:49:23,,18WeightedRoundRobin
2024-08-13 22:49:23,,18WeightedRoundRobin
2024-08-13 22:49:23,,18WeightedRoundRobin
2024-08-13 22:49:23,,18WeightedRoundRobin
2024-08-13 22:49:23,,18WeightedRoundRobin
2024-08-13 22:49:23,,18WeightedRoundRobin
2024-08-13 22:49:23,,18WeightedRoundRobin
2024-08-13 22:49:23,,18WeightedRoundRobin
2024-08-13 22:49:23,,18WeightedRoundRobin
2024-08-13 22:49:23,,18WeightedRoundRobin
2024-08-13 22:49:23,,18WeightedRoundRobin
2024-08-13 22:49:23,,18WeightedRoundRobin
2024-08-13 22:49:23,,18WeightedRoundRobin
2024-08-13 22:49:23,,18WeightedRoundRobin
2024-08-13 22:49:23,,18WeightedRoundRobin
2024-08-13 22:49:23,,18WeightedRoundRobin
2024-08-13 22:49:23,,18WeightedRoundRobin
2024-08-13 22:49:23,,18WeightedRoundRobin
2024-08-13 22:49:23,,18WeightedRoundRobin
2024-08-13 22:49:23,,18WeightedRoundRobin
2024-08-13 22:49:23,,18WeightedRoundRobin
2024-08-13 22:49:23,,18WeightedRoundRobin
2024-08-13 22:49:23,,18WeightedRoundRobin
2024-08-13 22:49:23,,18WeightedRoundRobin
2024-08-13 22:49:23,,18WeightedRoundRobin
2024-08-13 22:49:23,,18WeightedRoundRobin
2024-08-13 22:49:23,,18WeightedRoundRobin
2024-08-13 22:49:23,,18WeightedRoundRobin
2024-08-13 22:49:23,,18WeightedRoundRobin
2024-08-13 22:49:23,,18WeightedRoundRobin
2024-08-13 22:49:23,,18WeightedRoundRobin
2024-08-13 22:49:23,,18WeightedRoundRobin
2024-08-13 22:49:23,,18WeightedRoundRobin
2024-08-13 22:49:23,,18WeightedRoundRobin
2024-08-13 22:49:23,,18WeightedRoundRobin
2024-08-13 22:49:23,,18WeightedRoundRobin
2024-08-13 22:49:23,,18WeightedRoundRobin
2024-08-13 22:49:23,,18WeightedRoundRobin
